{
    "version": 1,
    "afu-image": {
	"power": 0,
	"clock-frequency-high": "auto-300.0",
	"clock-frequency-low": "auto-150.0",
	"afu-top-interface":
        {
            "class": "ccip_std_afu",
	    "module-ports" :
            [ 
                {
                    "class": "cci-p",
                    "params":
                    {
                        "clock": "uClk_usr"
                    }
                }
            ]
        },
	"accelerator-clusters":
        [
            {
		"name": "afu",
		"total-contexts": 1,
		"accelerator-type-uuid": "9f0c38be-cb5b-45c8-b3d3-b9a3aaef0cb6"
            }
        ]
    }
}
